{
  "framework_name": "Bugtags.framework",
  "static_framework": true,
  "resources": [
    "${PODS_ROOT}/Bugtags/Bugtags.bundle"
  ],
  "resource_bundles": [

  ],
  "build_settings": {
    "ASSETCATALOG_COMPILER_APPICON_NAME": "AppIcon",
    "ASSETCATALOG_COMPILER_GLOBAL_ACCENT_COLOR_NAME": "AccentColor",
    "IPHONEOS_DEPLOYMENT_TARGET": "8.0",
    "LD_RUNPATH_SEARCH_PATHS": [
      "$(inherited)",
      "@executable_path/Frameworks"
    ],
    "SDKROOT": "iphoneos",
    "TARGETED_DEVICE_FAMILY": "1,2"
  },
  "source_hash": null,
  "project_root": "/Users/sephilex/Desktop/WorkSpace/iOS/Project/外包/CNSCargo"
}